{
	"BoidCount": {
		"avg": 954.572020014975,
		"max": 30100.0,
		"min": 0.0
	},
	"CPU": {
		"avg": 21.8287070126886,
		"max": 93.35,
		"min": 9.34
	},
	"FPS": {
		"avg": 68.7759604542065,
		"max": 123.0,
		"min": 11.0
	},
	"RAM": {
		"avg": 89.3537728974417,
		"max": 92.0,
		"min": 87.34
	},
	"runs": 19,
	"total_runtime_seconds": 1044.418
}