{
	"BoidCount": {
		"avg": 0.0,
		"max": 0.0,
		"min": 0.0
	},
	"CPU": {
		"avg": 21.5659235603714,
		"max": 93.35,
		"min": 9.34
	},
	"FPS": {
		"avg": 69.2040636673926,
		"max": 123.0,
		"min": 11.0
	},
	"RAM": {
		"avg": 89.2879843433172,
		"max": 92.0,
		"min": 87.34
	},
	"runs": 18,
	"total_runtime_seconds": 1011.296
}