{
	"BoidCount": {
		"avg": 0.0,
		"max": 0.0,
		"min": 0.0
	},
	"CPU": {
		"avg": 9.91717646654813,
		"max": 118.66,
		"min": 0.0
	},
	"FPS": {
		"avg": 118.859202007516,
		"max": 123.0,
		"min": 0.0
	},
	"RAM": {
		"avg": 81.0139410113445,
		"max": 81.66,
		"min": 0.0
	},
	"runs": 36,
	"total_runtime_seconds": 436.459
}