{
	"BoidCount": {
		"avg": 0.0,
		"max": 0.0,
		"min": 0.0
	},
	"CPU": {
		"avg": 9.95254766243345,
		"max": 118.66,
		"min": 0.0
	},
	"FPS": {
		"avg": 118.813091799102,
		"max": 123.0,
		"min": 0.0
	},
	"RAM": {
		"avg": 80.988245916637,
		"max": 81.63,
		"min": 0.0
	},
	"runs": 35,
	"total_runtime_seconds": 419.503
}