{
	"BoidCount": {
		"avg": 0.0,
		"max": 0.0,
		"min": 0.0
	},
	"CPU": {
		"avg": 9.9100734348352,
		"max": 118.66,
		"min": 0.0
	},
	"FPS": {
		"avg": 118.865647502269,
		"max": 123.0,
		"min": 0.0
	},
	"RAM": {
		"avg": 81.0175347368778,
		"max": 81.66,
		"min": 0.0
	},
	"runs": 37,
	"total_runtime_seconds": 438.939
}