{
	"BoidCount": {
		"avg": 307.195033577159,
		"max": 350.0,
		"min": 0.0
	},
	"CPU": {
		"avg": 8.19153500284109,
		"max": 170.77,
		"min": 0.0
	},
	"FPS": {
		"avg": 118.479832785983,
		"max": 122.0,
		"min": 0.0
	},
	"RAM": {
		"avg": 82.6301839908295,
		"max": 83.17,
		"min": 0.0
	},
	"runs": 34,
	"total_runtime_seconds": 1761.912
}