{
	"BoidCount": {
		"avg": 316.879299524874,
		"max": 350.0,
		"min": 0.0
	},
	"CPU": {
		"avg": 8.48197243161766,
		"max": 170.77,
		"min": 0.0
	},
	"FPS": {
		"avg": 118.07993483631,
		"max": 123.0,
		"min": 0.0
	},
	"RAM": {
		"avg": 82.7723641346517,
		"max": 84.03,
		"min": 0.0
	},
	"runs": 39,
	"total_runtime_seconds": 2277.083
}