{
	"BoidCount": {
		"avg": 313.405877295303,
		"max": 350.0,
		"min": 0.0
	},
	"CPU": {
		"avg": 8.4319049774165,
		"max": 170.77,
		"min": 0.0
	},
	"FPS": {
		"avg": 117.878574450626,
		"max": 123.0,
		"min": 0.0
	},
	"RAM": {
		"avg": 82.73148054645,
		"max": 84.03,
		"min": 0.0
	},
	"runs": 36,
	"total_runtime_seconds": 2060.948
}