{
	"BoidCount": {
		"avg": 306.351651862295,
		"max": 350.0,
		"min": 0.0
	},
	"CPU": {
		"avg": 8.1767904000909,
		"max": 170.77,
		"min": 0.0
	},
	"FPS": {
		"avg": 118.449881092547,
		"max": 122.0,
		"min": 0.0
	},
	"RAM": {
		"avg": 82.6231339226023,
		"max": 82.88,
		"min": 0.0
	},
	"runs": 30,
	"total_runtime_seconds": 1727.868
}