{
	"BoidCount": {
		"avg": 316.568057577429,
		"max": 350.0,
		"min": 0.0
	},
	"CPU": {
		"avg": 8.47855851489749,
		"max": 170.77,
		"min": 0.0
	},
	"FPS": {
		"avg": 118.061891594102,
		"max": 123.0,
		"min": 0.0
	},
	"RAM": {
		"avg": 82.768177393119,
		"max": 84.03,
		"min": 0.0
	},
	"runs": 38,
	"total_runtime_seconds": 2255.884
}