{
	"BoidCount": {
		"avg": 309.606975238322,
		"max": 350.0,
		"min": 0.0
	},
	"CPU": {
		"avg": 8.22350078846801,
		"max": 170.77,
		"min": 0.0
	},
	"FPS": {
		"avg": 118.563301768596,
		"max": 122.0,
		"min": 0.0
	},
	"RAM": {
		"avg": 82.6649256461658,
		"max": 83.54,
		"min": 0.0
	},
	"runs": 35,
	"total_runtime_seconds": 1867.119
}