{
	"BoidCount": {
		"avg": 306.187290938813,
		"max": 350.0,
		"min": 0.0
	},
	"CPU": {
		"avg": 8.17343950844897,
		"max": 170.77,
		"min": 0.0
	},
	"FPS": {
		"avg": 118.444044010824,
		"max": 122.0,
		"min": 0.0
	},
	"RAM": {
		"avg": 82.6222419867356,
		"max": 82.88,
		"min": 0.0
	},
	"runs": 29,
	"total_runtime_seconds": 1721.386
}