{
	"BoidCount": {
		"avg": 307.096682183525,
		"max": 350.0,
		"min": 0.0
	},
	"CPU": {
		"avg": 8.1890111003046,
		"max": 170.77,
		"min": 0.0
	},
	"FPS": {
		"avg": 118.476339953806,
		"max": 122.0,
		"min": 0.0
	},
	"RAM": {
		"avg": 82.6291562093225,
		"max": 83.17,
		"min": 0.0
	},
	"runs": 33,
	"total_runtime_seconds": 1757.873
}