{
	"BoidCount": {
		"avg": 30.0,
		"max": 30.0,
		"min": 30.0
	},
	"CPU": {
		"avg": 8.84003246871332,
		"max": 10.28,
		"min": 8.45
	},
	"FPS": {
		"avg": 120.0,
		"max": 121.0,
		"min": 119.0
	},
	"RAM": {
		"avg": 81.8791277339682,
		"max": 81.89,
		"min": 81.86
	},
	"runs": 3,
	"total_runtime_seconds": 20.163
}