{
	"BoidCount": {
		"avg": 473.889321901793,
		"max": 500.0,
		"min": 0.0
	},
	"CPU": {
		"avg": 7.98767234149759,
		"max": 9.8,
		"min": 0.0
	},
	"FPS": {
		"avg": 113.691102765772,
		"max": 120.0,
		"min": 0.0
	},
	"RAM": {
		"avg": 79.3421266106112,
		"max": 83.74,
		"min": 0.0
	},
	"runs": 4,
	"total_runtime_seconds": 42.339
}