{
	"BoidCount": {
		"avg": 479.50158535907,
		"max": 500.0,
		"min": 0.0
	},
	"CPU": {
		"avg": 8.21052154509438,
		"max": 9.8,
		"min": 0.0
	},
	"FPS": {
		"avg": 115.047145426564,
		"max": 120.0,
		"min": 0.0
	},
	"RAM": {
		"avg": 81.3466794342153,
		"max": 90.97,
		"min": 0.0
	},
	"runs": 6,
	"total_runtime_seconds": 53.931
}