{
	"BoidCount": {
		"avg": 476.124657149645,
		"max": 500.0,
		"min": 0.0
	},
	"CPU": {
		"avg": 8.08974751671958,
		"max": 9.8,
		"min": 0.0
	},
	"FPS": {
		"avg": 114.231207481157,
		"max": 120.0,
		"min": 0.0
	},
	"RAM": {
		"avg": 80.0578582071716,
		"max": 88.23,
		"min": 0.0
	},
	"runs": 5,
	"total_runtime_seconds": 46.303
}