{
	"BoidCount": {
		"avg": 500.0,
		"max": 500.0,
		"min": 500.0
	},
	"CPU": {
		"avg": 8.42778257741893,
		"max": 9.8,
		"min": 5.44
	},
	"FPS": {
		"avg": 119.955332934609,
		"max": 120.0,
		"min": 118.0
	},
	"RAM": {
		"avg": 83.7137733893208,
		"max": 83.74,
		"min": 83.57
	},
	"runs": 3,
	"total_runtime_seconds": 40.128
}