{
	"BoidCount": {
		"avg": 0.0,
		"max": 0.0,
		"min": 0.0
	},
	"CPU": {
		"avg": 7.26054030819539,
		"max": 9.6,
		"min": 0.0
	},
	"FPS": {
		"avg": 97.8487226065783,
		"max": 120.0,
		"min": 0.0
	},
	"RAM": {
		"avg": 66.5534916005805,
		"max": 81.91,
		"min": 0.0
	},
	"runs": 6,
	"total_runtime_seconds": 25.873
}