{
	"BoidCount": {
		"avg": 0.0,
		"max": 0.0,
		"min": 0.0
	},
	"CPU": {
		"avg": 17.222174041456,
		"max": 72.22,
		"min": 0.0
	},
	"FPS": {
		"avg": 92.5934685628948,
		"max": 121.0,
		"min": 0.0
	},
	"RAM": {
		"avg": 77.0128075820833,
		"max": 87.93,
		"min": 0.0
	},
	"runs": 21,
	"total_runtime_seconds": 121.645
}