{
	"BoidCount": {
		"avg": 0.0,
		"max": 0.0,
		"min": 0.0
	},
	"CPU": {
		"avg": 8.89543557670908,
		"max": 9.6,
		"min": 8.56
	},
	"FPS": {
		"avg": 120.0,
		"max": 120.0,
		"min": 120.0
	},
	"RAM": {
		"avg": 81.5004803033366,
		"max": 81.51,
		"min": 81.49
	},
	"runs": 3,
	"total_runtime_seconds": 14.841
}