{
	"BoidCount": {
		"avg": 0.0,
		"max": 0.0,
		"min": 0.0
	},
	"CPU": {
		"avg": 7.65671960294278,
		"max": 9.6,
		"min": 0.0
	},
	"FPS": {
		"avg": 103.289641572903,
		"max": 120.0,
		"min": 0.0
	},
	"RAM": {
		"avg": 70.1512949879259,
		"max": 81.51,
		"min": 0.0
	},
	"runs": 4,
	"total_runtime_seconds": 17.242
}