{
	"BoidCount": {
		"avg": 0.0,
		"max": 0.0,
		"min": 0.0
	},
	"CPU": {
		"avg": 18.059138121896,
		"max": 371.79,
		"min": 0.0
	},
	"FPS": {
		"avg": 98.1687126825726,
		"max": 123.0,
		"min": 0.0
	},
	"RAM": {
		"avg": 80.1598627641939,
		"max": 87.93,
		"min": 0.0
	},
	"runs": 127,
	"total_runtime_seconds": 1053.067
}