{
	"BoidCount": {
		"avg": 0.0,
		"max": 0.0,
		"min": 0.0
	},
	"CPU": {
		"avg": 13.4199827577385,
		"max": 72.22,
		"min": 0.0
	},
	"FPS": {
		"avg": 92.4641355172678,
		"max": 121.0,
		"min": 0.0
	},
	"RAM": {
		"avg": 72.6006081464955,
		"max": 87.93,
		"min": 0.0
	},
	"runs": 35,
	"total_runtime_seconds": 191.764
}