{
	"BoidCount": {
		"avg": 0.0,
		"max": 0.0,
		"min": 0.0
	},
	"CPU": {
		"avg": 7.99438077257381,
		"max": 9.6,
		"min": 0.0
	},
	"FPS": {
		"avg": 107.738530938803,
		"max": 120.0,
		"min": 0.0
	},
	"RAM": {
		"avg": 73.2802148345314,
		"max": 81.91,
		"min": 0.0
	},
	"runs": 5,
	"total_runtime_seconds": 23.498
}