{
	"BoidCount": {
		"avg": 0.0,
		"max": 0.0,
		"min": 0.0
	},
	"CPU": {
		"avg": 22.6290003916927,
		"max": 371.79,
		"min": 0.0
	},
	"FPS": {
		"avg": 100.904332589495,
		"max": 121.0,
		"min": 0.0
	},
	"RAM": {
		"avg": 78.7261617036656,
		"max": 87.93,
		"min": 0.0
	},
	"runs": 42,
	"total_runtime_seconds": 381.575
}