{
	"BoidCount": {
		"avg": 0.0,
		"max": 0.0,
		"min": 0.0
	},
	"CPU": {
		"avg": 13.6382800490267,
		"max": 72.22,
		"min": 0.0
	},
	"FPS": {
		"avg": 91.1701572057489,
		"max": 121.0,
		"min": 0.0
	},
	"RAM": {
		"avg": 72.0365101851919,
		"max": 87.93,
		"min": 0.0
	},
	"runs": 34,
	"total_runtime_seconds": 183.157
}