{
	"BoidCount": {
		"avg": 321.481865777296,
		"max": 500.0,
		"min": 0.0
	},
	"CPU": {
		"avg": 9.38132455218294,
		"max": 262.87,
		"min": 0.0
	},
	"FPS": {
		"avg": 114.537154936049,
		"max": 124.0,
		"min": 0.0
	},
	"RAM": {
		"avg": 83.7601747817099,
		"max": 88.42,
		"min": 0.0
	},
	"runs": 102,
	"total_runtime_seconds": 5156.907
}