{
	"BoidCount": {
		"avg": 317.96906783934,
		"max": 500.0,
		"min": 0.0
	},
	"CPU": {
		"avg": 9.39318943217208,
		"max": 262.87,
		"min": 0.0
	},
	"FPS": {
		"avg": 114.429457756395,
		"max": 124.0,
		"min": 0.0
	},
	"RAM": {
		"avg": 83.7600833651447,
		"max": 88.42,
		"min": 0.0
	},
	"runs": 101,
	"total_runtime_seconds": 5057.39
}