{
	"BoidCount": {
		"avg": 300.275566358699,
		"max": 500.0,
		"min": 0.0
	},
	"CPU": {
		"avg": 9.63170207226275,
		"max": 262.87,
		"min": 0.0
	},
	"FPS": {
		"avg": 114.382568265954,
		"max": 124.0,
		"min": 0.0
	},
	"RAM": {
		"avg": 83.7475392348318,
		"max": 88.42,
		"min": 0.0
	},
	"runs": 98,
	"total_runtime_seconds": 4609.358
}