{
	"BoidCount": {
		"avg": 323.425995351465,
		"max": 500.0,
		"min": 0.0
	},
	"CPU": {
		"avg": 9.37523236858224,
		"max": 262.87,
		"min": 0.0
	},
	"FPS": {
		"avg": 114.596647371896,
		"max": 124.0,
		"min": 0.0
	},
	"RAM": {
		"avg": 83.7605089021325,
		"max": 88.42,
		"min": 0.0
	},
	"runs": 104,
	"total_runtime_seconds": 5213.686
}