{
	"BoidCount": {
		"avg": 323.264435621971,
		"max": 500.0,
		"min": 0.0
	},
	"CPU": {
		"avg": 9.37548785752595,
		"max": 262.87,
		"min": 0.0
	},
	"FPS": {
		"avg": 114.591703472081,
		"max": 124.0,
		"min": 0.0
	},
	"RAM": {
		"avg": 83.7604855785697,
		"max": 88.42,
		"min": 0.0
	},
	"runs": 103,
	"total_runtime_seconds": 5208.92
}