{
	"BoidCount": {
		"avg": 241.992062530296,
		"max": 350.0,
		"min": 0.0
	},
	"CPU": {
		"avg": 8.85722497664721,
		"max": 37.07,
		"min": 0.0
	},
	"FPS": {
		"avg": 118.974993562167,
		"max": 121.0,
		"min": 0.0
	},
	"RAM": {
		"avg": 82.1324644743048,
		"max": 82.96,
		"min": 0.0
	},
	"runs": 16,
	"total_runtime_seconds": 528.128
}