{
	"BoidCount": {
		"avg": 92.0238382405108,
		"max": 150.0,
		"min": 0.0
	},
	"CPU": {
		"avg": 9.19420648489124,
		"max": 170.14,
		"min": 0.0
	},
	"FPS": {
		"avg": 119.547632889689,
		"max": 121.0,
		"min": 0.0
	},
	"RAM": {
		"avg": 82.1192675223274,
		"max": 88.08,
		"min": 0.0
	},
	"runs": 98,
	"total_runtime_seconds": 1902.825
}