{
	"BoidCount": {
		"avg": 94.6514744140038,
		"max": 150.0,
		"min": 0.0
	},
	"CPU": {
		"avg": 9.20563997514197,
		"max": 170.14,
		"min": 0.0
	},
	"FPS": {
		"avg": 119.531129240178,
		"max": 121.0,
		"min": 0.0
	},
	"RAM": {
		"avg": 82.1155903544815,
		"max": 88.08,
		"min": 0.0
	},
	"runs": 96,
	"total_runtime_seconds": 1835.848
}