{
	"BoidCount": {
		"avg": 0.0,
		"max": 0.0,
		"min": 0.0
	},
	"CPU": {
		"avg": 18.5130156417133,
		"max": 200.35,
		"min": 0.0
	},
	"FPS": {
		"avg": 106.936727944219,
		"max": 124.0,
		"min": 0.0
	},
	"RAM": {
		"avg": 86.9275371101735,
		"max": 96.3,
		"min": 0.0
	},
	"runs": 69,
	"total_runtime_seconds": 1722.775
}