{
	"BoidCount": {
		"avg": 0.0,
		"max": 0.0,
		"min": 0.0
	},
	"CPU": {
		"avg": 18.568357952758,
		"max": 200.35,
		"min": 0.0
	},
	"FPS": {
		"avg": 100.343591556556,
		"max": 124.0,
		"min": 0.0
	},
	"RAM": {
		"avg": 87.7790652717242,
		"max": 96.3,
		"min": 0.0
	},
	"runs": 78,
	"total_runtime_seconds": 2206.238
}