{
	"BoidCount": {
		"avg": 1608.87943829084,
		"max": 25100.0,
		"min": 0.0
	},
	"CPU": {
		"avg": 18.7401487980732,
		"max": 200.35,
		"min": 0.0
	},
	"FPS": {
		"avg": 98.4715826285425,
		"max": 124.0,
		"min": 0.0
	},
	"RAM": {
		"avg": 88.1097933322047,
		"max": 96.3,
		"min": 0.0
	},
	"runs": 83,
	"total_runtime_seconds": 2362.931
}