{
	"BoidCount": {
		"avg": 1124.33982369383,
		"max": 25100.0,
		"min": 0.0
	},
	"CPU": {
		"avg": 18.7230639573475,
		"max": 200.35,
		"min": 0.0
	},
	"FPS": {
		"avg": 99.0946043486285,
		"max": 124.0,
		"min": 0.0
	},
	"RAM": {
		"avg": 88.0138918839725,
		"max": 96.3,
		"min": 0.0
	},
	"runs": 82,
	"total_runtime_seconds": 2315.177
}