{
	"example_1": {
		"BoidCount": {
			"avg": 0.0,
			"max": 0.0,
			"min": 0.0
		},
		"CPU": {
			"avg": 9.9100734348352,
			"max": 118.66,
			"min": 0.0
		},
		"FPS": {
			"avg": 118.865647502269,
			"max": 123.0,
			"min": 0.0
		},
		"RAM": {
			"avg": 81.0175347368778,
			"max": 81.66,
			"min": 0.0
		},
		"runs": 37.0,
		"total_runtime_seconds": 438.939
	},
	"example_2": {
		"BoidCount": {
			"avg": 30.0,
			"max": 30.0,
			"min": 30.0
		},
		"CPU": {
			"avg": 8.84003246871332,
			"max": 10.28,
			"min": 8.45
		},
		"FPS": {
			"avg": 120.0,
			"max": 121.0,
			"min": 119.0
		},
		"RAM": {
			"avg": 81.8791277339682,
			"max": 81.89,
			"min": 81.86
		},
		"runs": 3.0,
		"total_runtime_seconds": 20.163
	},
	"example_3": {
		"BoidCount": {
			"avg": 92.0238382405108,
			"max": 150.0,
			"min": 0.0
		},
		"CPU": {
			"avg": 9.19420648489124,
			"max": 170.14,
			"min": 0.0
		},
		"FPS": {
			"avg": 119.547632889689,
			"max": 121.0,
			"min": 0.0
		},
		"RAM": {
			"avg": 82.1192675223274,
			"max": 88.08,
			"min": 0.0
		},
		"runs": 98.0,
		"total_runtime_seconds": 1902.825
	},
	"example_4": {
		"BoidCount": {
			"avg": 235.608418071463,
			"max": 350.0,
			"min": 0.0
		},
		"CPU": {
			"avg": 8.72782244828855,
			"max": 122.56,
			"min": 0.0
		},
		"FPS": {
			"avg": 118.30382792709,
			"max": 143.0,
			"min": 0.0
		},
		"RAM": {
			"avg": 82.6657047578395,
			"max": 93.76,
			"min": 0.0
		},
		"runs": 331.0,
		"total_runtime_seconds": 12057.441
	},
	"example_5": {
		"BoidCount": {
			"avg": 306.351651862295,
			"max": 350.0,
			"min": 0.0
		},
		"CPU": {
			"avg": 8.1767904000909,
			"max": 170.77,
			"min": 0.0
		},
		"FPS": {
			"avg": 118.449881092547,
			"max": 122.0,
			"min": 0.0
		},
		"RAM": {
			"avg": 82.6231339226023,
			"max": 82.88,
			"min": 0.0
		},
		"runs": 30.0,
		"total_runtime_seconds": 1727.868
	},
	"example_6": {
		"BoidCount": {
			"avg": 241.992062530296,
			"max": 350.0,
			"min": 0.0
		},
		"CPU": {
			"avg": 8.85722497664721,
			"max": 37.07,
			"min": 0.0
		},
		"FPS": {
			"avg": 118.974993562167,
			"max": 121.0,
			"min": 0.0
		},
		"RAM": {
			"avg": 82.1324644743048,
			"max": 82.96,
			"min": 0.0
		},
		"runs": 16.0,
		"total_runtime_seconds": 528.128
	}
}