{
	"example_1": {
		"BoidCount": {
			"avg": 0.0,
			"max": 0.0,
			"min": 0.0
		},
		"CPU": {
			"avg": 9.95254766243345,
			"max": 118.66,
			"min": 0.0
		},
		"FPS": {
			"avg": 118.813091799102,
			"max": 123.0,
			"min": 0.0
		},
		"RAM": {
			"avg": 80.988245916637,
			"max": 81.63,
			"min": 0.0
		},
		"runs": 35.0,
		"total_runtime_seconds": 419.503
	},
	"example_2": {
		"BoidCount": {
			"avg": 30.0,
			"max": 30.0,
			"min": 30.0
		},
		"CPU": {
			"avg": 8.83666666666667,
			"max": 9.31,
			"min": 8.49
		},
		"FPS": {
			"avg": 120.0,
			"max": 120.0,
			"min": 120.0
		},
		"RAM": {
			"avg": 81.865,
			"max": 81.87,
			"min": 81.86
		},
		"runs": 1.0,
		"total_runtime_seconds": 5.023
	},
	"example_3": {
		"BoidCount": {
			"avg": 94.6514744140038,
			"max": 150.0,
			"min": 0.0
		},
		"CPU": {
			"avg": 9.20563997514197,
			"max": 170.14,
			"min": 0.0
		},
		"FPS": {
			"avg": 119.531129240178,
			"max": 121.0,
			"min": 0.0
		},
		"RAM": {
			"avg": 82.1155903544815,
			"max": 88.08,
			"min": 0.0
		},
		"runs": 96.0,
		"total_runtime_seconds": 1835.848
	}
}