{
	"example_1": {
		"BoidCount": {
			"avg": 0.0,
			"max": 0.0,
			"min": 0.0
		},
		"CPU": {
			"avg": 9.9100734348352,
			"max": 118.66,
			"min": 0.0
		},
		"FPS": {
			"avg": 118.865647502269,
			"max": 123.0,
			"min": 0.0
		},
		"RAM": {
			"avg": 81.0175347368778,
			"max": 81.66,
			"min": 0.0
		},
		"runs": 37.0,
		"total_runtime_seconds": 438.939
	},
	"example_2": {
		"BoidCount": {
			"avg": 30.0,
			"max": 30.0,
			"min": 30.0
		},
		"CPU": {
			"avg": 8.84003246871332,
			"max": 10.28,
			"min": 8.45
		},
		"FPS": {
			"avg": 120.0,
			"max": 121.0,
			"min": 119.0
		},
		"RAM": {
			"avg": 81.8791277339682,
			"max": 81.89,
			"min": 81.86
		},
		"runs": 3.0,
		"total_runtime_seconds": 20.163
	},
	"example_3": {
		"BoidCount": {
			"avg": 92.0238382405108,
			"max": 150.0,
			"min": 0.0
		},
		"CPU": {
			"avg": 9.19420648489124,
			"max": 170.14,
			"min": 0.0
		},
		"FPS": {
			"avg": 119.547632889689,
			"max": 121.0,
			"min": 0.0
		},
		"RAM": {
			"avg": 82.1192675223274,
			"max": 88.08,
			"min": 0.0
		},
		"runs": 98.0,
		"total_runtime_seconds": 1902.825
	},
	"example_4": {
		"BoidCount": {
			"avg": 235.608418071463,
			"max": 350.0,
			"min": 0.0
		},
		"CPU": {
			"avg": 8.72782244828855,
			"max": 122.56,
			"min": 0.0
		},
		"FPS": {
			"avg": 118.30382792709,
			"max": 143.0,
			"min": 0.0
		},
		"RAM": {
			"avg": 82.6657047578395,
			"max": 93.76,
			"min": 0.0
		},
		"runs": 331.0,
		"total_runtime_seconds": 12057.441
	},
	"example_5": {
		"BoidCount": {
			"avg": 307.195033577159,
			"max": 350.0,
			"min": 0.0
		},
		"CPU": {
			"avg": 8.19153500284109,
			"max": 170.77,
			"min": 0.0
		},
		"FPS": {
			"avg": 118.479832785983,
			"max": 122.0,
			"min": 0.0
		},
		"RAM": {
			"avg": 82.6301839908295,
			"max": 83.17,
			"min": 0.0
		},
		"runs": 34.0,
		"total_runtime_seconds": 1761.912
	},
	"example_6": {
		"BoidCount": {
			"avg": 317.96906783934,
			"max": 500.0,
			"min": 0.0
		},
		"CPU": {
			"avg": 9.39318943217208,
			"max": 262.87,
			"min": 0.0
		},
		"FPS": {
			"avg": 114.429457756395,
			"max": 124.0,
			"min": 0.0
		},
		"RAM": {
			"avg": 83.7600833651447,
			"max": 88.42,
			"min": 0.0
		},
		"runs": 101.0,
		"total_runtime_seconds": 5057.39
	},
	"example_7": {
		"BoidCount": {
			"avg": 500.0,
			"max": 500.0,
			"min": 500.0
		},
		"CPU": {
			"avg": 8.42778257741893,
			"max": 9.8,
			"min": 5.44
		},
		"FPS": {
			"avg": 119.955332934609,
			"max": 120.0,
			"min": 118.0
		},
		"RAM": {
			"avg": 83.7137733893208,
			"max": 83.74,
			"min": 83.57
		},
		"runs": 3.0,
		"total_runtime_seconds": 40.128
	},
	"example_8": {
		"BoidCount": {
			"avg": 0.0,
			"max": 0.0,
			"min": 0.0
		},
		"CPU": {
			"avg": 8.89543557670908,
			"max": 9.6,
			"min": 8.56
		},
		"FPS": {
			"avg": 120.0,
			"max": 120.0,
			"min": 120.0
		},
		"RAM": {
			"avg": 81.5004803033366,
			"max": 81.51,
			"min": 81.49
		},
		"runs": 3.0,
		"total_runtime_seconds": 14.841
	}
}