{
	"example_1": {
		"BoidCount": {
			"avg": 0.0,
			"max": 0.0,
			"min": 0.0
		},
		"CPU": {
			"avg": 9.9100734348352,
			"max": 118.66,
			"min": 0.0
		},
		"FPS": {
			"avg": 118.865647502269,
			"max": 123.0,
			"min": 0.0
		},
		"RAM": {
			"avg": 81.0175347368778,
			"max": 81.66,
			"min": 0.0
		},
		"runs": 37.0,
		"total_runtime_seconds": 438.939
	},
	"example_2": {
		"BoidCount": {
			"avg": 30.0,
			"max": 30.0,
			"min": 30.0
		},
		"CPU": {
			"avg": 8.84003246871332,
			"max": 10.28,
			"min": 8.45
		},
		"FPS": {
			"avg": 120.0,
			"max": 121.0,
			"min": 119.0
		},
		"RAM": {
			"avg": 81.8791277339682,
			"max": 81.89,
			"min": 81.86
		},
		"runs": 3.0,
		"total_runtime_seconds": 20.163
	},
	"example_3": {
		"BoidCount": {
			"avg": 92.0238382405108,
			"max": 150.0,
			"min": 0.0
		},
		"CPU": {
			"avg": 9.19420648489124,
			"max": 170.14,
			"min": 0.0
		},
		"FPS": {
			"avg": 119.547632889689,
			"max": 121.0,
			"min": 0.0
		},
		"RAM": {
			"avg": 82.1192675223274,
			"max": 88.08,
			"min": 0.0
		},
		"runs": 98.0,
		"total_runtime_seconds": 1902.825
	},
	"example_4": {
		"BoidCount": {
			"avg": 236.482817691094,
			"max": 350.0,
			"min": 0.0
		},
		"CPU": {
			"avg": 8.72812880194216,
			"max": 122.56,
			"min": 0.0
		},
		"FPS": {
			"avg": 118.316793323585,
			"max": 143.0,
			"min": 0.0
		},
		"RAM": {
			"avg": 82.6664141402039,
			"max": 93.76,
			"min": 0.0
		},
		"runs": 332.0,
		"total_runtime_seconds": 12150.317
	},
	"example_5": {
		"BoidCount": {
			"avg": 313.405877295303,
			"max": 350.0,
			"min": 0.0
		},
		"CPU": {
			"avg": 8.4319049774165,
			"max": 170.77,
			"min": 0.0
		},
		"FPS": {
			"avg": 117.878574450626,
			"max": 123.0,
			"min": 0.0
		},
		"RAM": {
			"avg": 82.73148054645,
			"max": 84.03,
			"min": 0.0
		},
		"runs": 36.0,
		"total_runtime_seconds": 2060.948
	},
	"example_6": {
		"BoidCount": {
			"avg": 321.481865777296,
			"max": 500.0,
			"min": 0.0
		},
		"CPU": {
			"avg": 9.38132455218294,
			"max": 262.87,
			"min": 0.0
		},
		"FPS": {
			"avg": 114.537154936049,
			"max": 124.0,
			"min": 0.0
		},
		"RAM": {
			"avg": 83.7601747817099,
			"max": 88.42,
			"min": 0.0
		},
		"runs": 102.0,
		"total_runtime_seconds": 5156.907
	},
	"example_7": {
		"BoidCount": {
			"avg": 476.124657149645,
			"max": 500.0,
			"min": 0.0
		},
		"CPU": {
			"avg": 8.08974751671958,
			"max": 9.8,
			"min": 0.0
		},
		"FPS": {
			"avg": 114.231207481157,
			"max": 120.0,
			"min": 0.0
		},
		"RAM": {
			"avg": 80.0578582071716,
			"max": 88.23,
			"min": 0.0
		},
		"runs": 5.0,
		"total_runtime_seconds": 46.303
	},
	"example_8": {
		"BoidCount": {
			"avg": 0.0,
			"max": 0.0,
			"min": 0.0
		},
		"CPU": {
			"avg": 18.059138121896,
			"max": 371.79,
			"min": 0.0
		},
		"FPS": {
			"avg": 98.1687126825726,
			"max": 123.0,
			"min": 0.0
		},
		"RAM": {
			"avg": 80.1598627641939,
			"max": 87.93,
			"min": 0.0
		},
		"runs": 127.0,
		"total_runtime_seconds": 1053.067
	},
	"example_9": {
		"BoidCount": {
			"avg": 0.0,
			"max": 0.0,
			"min": 0.0
		},
		"CPU": {
			"avg": 18.5130156417133,
			"max": 200.35,
			"min": 0.0
		},
		"FPS": {
			"avg": 106.936727944219,
			"max": 124.0,
			"min": 0.0
		},
		"RAM": {
			"avg": 86.9275371101735,
			"max": 96.3,
			"min": 0.0
		},
		"runs": 69.0,
		"total_runtime_seconds": 1722.775
	}
}