{
	"example_1": {
		"BoidCount": {
			"avg": 0.0,
			"max": 0.0,
			"min": 0.0
		},
		"CPU": {
			"avg": 9.9100734348352,
			"max": 118.66,
			"min": 0.0
		},
		"FPS": {
			"avg": 118.865647502269,
			"max": 123.0,
			"min": 0.0
		},
		"RAM": {
			"avg": 81.0175347368778,
			"max": 81.66,
			"min": 0.0
		},
		"runs": 37.0,
		"total_runtime_seconds": 438.939
	},
	"example_2": {
		"BoidCount": {
			"avg": 30.0,
			"max": 30.0,
			"min": 30.0
		},
		"CPU": {
			"avg": 8.84003246871332,
			"max": 10.28,
			"min": 8.45
		},
		"FPS": {
			"avg": 120.0,
			"max": 121.0,
			"min": 119.0
		},
		"RAM": {
			"avg": 81.8791277339682,
			"max": 81.89,
			"min": 81.86
		},
		"runs": 3.0,
		"total_runtime_seconds": 20.163
	},
	"example_3": {
		"BoidCount": {
			"avg": 92.0238382405108,
			"max": 150.0,
			"min": 0.0
		},
		"CPU": {
			"avg": 9.19420648489124,
			"max": 170.14,
			"min": 0.0
		},
		"FPS": {
			"avg": 119.547632889689,
			"max": 121.0,
			"min": 0.0
		},
		"RAM": {
			"avg": 82.1192675223274,
			"max": 88.08,
			"min": 0.0
		},
		"runs": 98.0,
		"total_runtime_seconds": 1902.825
	},
	"example_4": {
		"BoidCount": {
			"avg": 235.608418071463,
			"max": 350.0,
			"min": 0.0
		},
		"CPU": {
			"avg": 8.72782244828855,
			"max": 122.56,
			"min": 0.0
		},
		"FPS": {
			"avg": 118.30382792709,
			"max": 143.0,
			"min": 0.0
		},
		"RAM": {
			"avg": 82.6657047578395,
			"max": 93.76,
			"min": 0.0
		},
		"runs": 331.0,
		"total_runtime_seconds": 12057.441
	},
	"example_5": {
		"BoidCount": {
			"avg": 307.096682183525,
			"max": 350.0,
			"min": 0.0
		},
		"CPU": {
			"avg": 8.1890111003046,
			"max": 170.77,
			"min": 0.0
		},
		"FPS": {
			"avg": 118.476339953806,
			"max": 122.0,
			"min": 0.0
		},
		"RAM": {
			"avg": 82.6291562093225,
			"max": 83.17,
			"min": 0.0
		},
		"runs": 33.0,
		"total_runtime_seconds": 1757.873
	},
	"example_6": {
		"BoidCount": {
			"avg": 300.275566358699,
			"max": 500.0,
			"min": 0.0
		},
		"CPU": {
			"avg": 9.63170207226275,
			"max": 262.87,
			"min": 0.0
		},
		"FPS": {
			"avg": 114.382568265954,
			"max": 124.0,
			"min": 0.0
		},
		"RAM": {
			"avg": 83.7475392348318,
			"max": 88.42,
			"min": 0.0
		},
		"runs": 98.0,
		"total_runtime_seconds": 4609.358
	}
}