{
	"example_1": {
		"BoidCount": {
			"avg": 0.0,
			"max": 0.0,
			"min": 0.0
		},
		"CPU": {
			"avg": 9.91717646654813,
			"max": 118.66,
			"min": 0.0
		},
		"FPS": {
			"avg": 118.859202007516,
			"max": 123.0,
			"min": 0.0
		},
		"RAM": {
			"avg": 81.0139410113445,
			"max": 81.66,
			"min": 0.0
		},
		"runs": 36.0,
		"total_runtime_seconds": 436.459
	},
	"example_2": {
		"BoidCount": {
			"avg": 30.0,
			"max": 30.0,
			"min": 30.0
		},
		"CPU": {
			"avg": 8.84003246871332,
			"max": 10.28,
			"min": 8.45
		},
		"FPS": {
			"avg": 120.0,
			"max": 121.0,
			"min": 119.0
		},
		"RAM": {
			"avg": 81.8791277339682,
			"max": 81.89,
			"min": 81.86
		},
		"runs": 3.0,
		"total_runtime_seconds": 20.163
	},
	"example_3": {
		"BoidCount": {
			"avg": 92.0238382405108,
			"max": 150.0,
			"min": 0.0
		},
		"CPU": {
			"avg": 9.19420648489124,
			"max": 170.14,
			"min": 0.0
		},
		"FPS": {
			"avg": 119.547632889689,
			"max": 121.0,
			"min": 0.0
		},
		"RAM": {
			"avg": 82.1192675223274,
			"max": 88.08,
			"min": 0.0
		},
		"runs": 98.0,
		"total_runtime_seconds": 1902.825
	},
	"example_4": {
		"BoidCount": {
			"avg": 146.965268567273,
			"max": 350.0,
			"min": 0.0
		},
		"CPU": {
			"avg": 9.34636238077933,
			"max": 122.56,
			"min": 0.0
		},
		"FPS": {
			"avg": 118.796894730078,
			"max": 124.0,
			"min": 0.0
		},
		"RAM": {
			"avg": 82.4615821812243,
			"max": 88.61,
			"min": 0.0
		},
		"runs": 243.0,
		"total_runtime_seconds": 6793.27
	}
}