{
	"example_1": {
		"BoidCount": {
			"avg": 0.0,
			"max": 0.0,
			"min": 0.0
		},
		"CPU": {
			"avg": 9.9100734348352,
			"max": 118.66,
			"min": 0.0
		},
		"FPS": {
			"avg": 118.865647502269,
			"max": 123.0,
			"min": 0.0
		},
		"RAM": {
			"avg": 81.0175347368778,
			"max": 81.66,
			"min": 0.0
		},
		"runs": 37.0,
		"total_runtime_seconds": 438.939
	},
	"example_10": {
		"BoidCount": {
			"avg": 0.0,
			"max": 0.0,
			"min": 0.0
		},
		"CPU": {
			"avg": 21.5659235603714,
			"max": 93.35,
			"min": 9.34
		},
		"FPS": {
			"avg": 69.2040636673926,
			"max": 123.0,
			"min": 11.0
		},
		"RAM": {
			"avg": 89.2879843433172,
			"max": 92.0,
			"min": 87.34
		},
		"runs": 18.0,
		"total_runtime_seconds": 1011.296
	},
	"example_2": {
		"BoidCount": {
			"avg": 30.0,
			"max": 30.0,
			"min": 30.0
		},
		"CPU": {
			"avg": 8.84003246871332,
			"max": 10.28,
			"min": 8.45
		},
		"FPS": {
			"avg": 120.0,
			"max": 121.0,
			"min": 119.0
		},
		"RAM": {
			"avg": 81.8791277339682,
			"max": 81.89,
			"min": 81.86
		},
		"runs": 3.0,
		"total_runtime_seconds": 20.163
	},
	"example_3": {
		"BoidCount": {
			"avg": 92.0238382405108,
			"max": 150.0,
			"min": 0.0
		},
		"CPU": {
			"avg": 9.19420648489124,
			"max": 170.14,
			"min": 0.0
		},
		"FPS": {
			"avg": 119.547632889689,
			"max": 121.0,
			"min": 0.0
		},
		"RAM": {
			"avg": 82.1192675223274,
			"max": 88.08,
			"min": 0.0
		},
		"runs": 98.0,
		"total_runtime_seconds": 1902.825
	},
	"example_4": {
		"BoidCount": {
			"avg": 236.482817691094,
			"max": 350.0,
			"min": 0.0
		},
		"CPU": {
			"avg": 8.72812880194216,
			"max": 122.56,
			"min": 0.0
		},
		"FPS": {
			"avg": 118.316793323585,
			"max": 143.0,
			"min": 0.0
		},
		"RAM": {
			"avg": 82.6664141402039,
			"max": 93.76,
			"min": 0.0
		},
		"runs": 332.0,
		"total_runtime_seconds": 12150.317
	},
	"example_5": {
		"BoidCount": {
			"avg": 316.568057577429,
			"max": 350.0,
			"min": 0.0
		},
		"CPU": {
			"avg": 8.47855851489749,
			"max": 170.77,
			"min": 0.0
		},
		"FPS": {
			"avg": 118.061891594102,
			"max": 123.0,
			"min": 0.0
		},
		"RAM": {
			"avg": 82.768177393119,
			"max": 84.03,
			"min": 0.0
		},
		"runs": 38.0,
		"total_runtime_seconds": 2255.884
	},
	"example_6": {
		"BoidCount": {
			"avg": 323.264435621971,
			"max": 500.0,
			"min": 0.0
		},
		"CPU": {
			"avg": 9.37548785752595,
			"max": 262.87,
			"min": 0.0
		},
		"FPS": {
			"avg": 114.591703472081,
			"max": 124.0,
			"min": 0.0
		},
		"RAM": {
			"avg": 83.7604855785697,
			"max": 88.42,
			"min": 0.0
		},
		"runs": 103.0,
		"total_runtime_seconds": 5208.92
	},
	"example_7": {
		"BoidCount": {
			"avg": 479.50158535907,
			"max": 500.0,
			"min": 0.0
		},
		"CPU": {
			"avg": 8.21052154509438,
			"max": 9.8,
			"min": 0.0
		},
		"FPS": {
			"avg": 115.047145426564,
			"max": 120.0,
			"min": 0.0
		},
		"RAM": {
			"avg": 81.3466794342153,
			"max": 90.97,
			"min": 0.0
		},
		"runs": 6.0,
		"total_runtime_seconds": 53.931
	},
	"example_8": {
		"BoidCount": {
			"avg": 0.0,
			"max": 0.0,
			"min": 0.0
		},
		"CPU": {
			"avg": 18.059138121896,
			"max": 371.79,
			"min": 0.0
		},
		"FPS": {
			"avg": 98.1687126825726,
			"max": 123.0,
			"min": 0.0
		},
		"RAM": {
			"avg": 80.1598627641939,
			"max": 87.93,
			"min": 0.0
		},
		"runs": 127.0,
		"total_runtime_seconds": 1053.067
	},
	"example_9": {
		"BoidCount": {
			"avg": 0.0,
			"max": 0.0,
			"min": 0.0
		},
		"CPU": {
			"avg": 18.568357952758,
			"max": 200.35,
			"min": 0.0
		},
		"FPS": {
			"avg": 100.343591556556,
			"max": 124.0,
			"min": 0.0
		},
		"RAM": {
			"avg": 87.7790652717242,
			"max": 96.3,
			"min": 0.0
		},
		"runs": 78.0,
		"total_runtime_seconds": 2206.238
	}
}