{
	"BoidCount": {
		"avg": 146.965268567273,
		"max": 350.0,
		"min": 0.0
	},
	"CPU": {
		"avg": 9.34636238077933,
		"max": 122.56,
		"min": 0.0
	},
	"FPS": {
		"avg": 118.796894730078,
		"max": 124.0,
		"min": 0.0
	},
	"RAM": {
		"avg": 82.4615821812243,
		"max": 88.61,
		"min": 0.0
	},
	"runs": 243,
	"total_runtime_seconds": 6793.27
}