{
	"BoidCount": {
		"avg": 235.608418071463,
		"max": 350.0,
		"min": 0.0
	},
	"CPU": {
		"avg": 8.72782244828855,
		"max": 122.56,
		"min": 0.0
	},
	"FPS": {
		"avg": 118.30382792709,
		"max": 143.0,
		"min": 0.0
	},
	"RAM": {
		"avg": 82.6657047578395,
		"max": 93.76,
		"min": 0.0
	},
	"runs": 331,
	"total_runtime_seconds": 12057.441
}