{
	"BoidCount": {
		"avg": 236.482817691094,
		"max": 350.0,
		"min": 0.0
	},
	"CPU": {
		"avg": 8.72812880194216,
		"max": 122.56,
		"min": 0.0
	},
	"FPS": {
		"avg": 118.316793323585,
		"max": 143.0,
		"min": 0.0
	},
	"RAM": {
		"avg": 82.6664141402039,
		"max": 93.76,
		"min": 0.0
	},
	"runs": 332,
	"total_runtime_seconds": 12150.317
}